,churned,not_churned
0,0.548063933882749,0.451936066117251
1,0.8463168108653771,0.1536831891346229
2,0.548063933882749,0.451936066117251
3,0.8463168108653771,0.1536831891346229
4,0.548063933882749,0.451936066117251
5,0.8203467846158917,0.17965321538410828
6,0.548063933882749,0.451936066117251
7,0.8463168108653771,0.1536831891346229
8,0.8203467846158917,0.17965321538410828
9,0.8463168108653771,0.1536831891346229
10,0.8424765771438951,0.15752342285610493
11,0.548063933882749,0.451936066117251
12,0.548063933882749,0.451936066117251
13,0.8203467846158917,0.17965321538410828
14,0.8424765771438951,0.15752342285610493
15,0.8424765771438951,0.15752342285610493
16,0.548063933882749,0.451936066117251
17,0.548063933882749,0.451936066117251
18,0.548063933882749,0.451936066117251
19,0.8424765771438951,0.15752342285610493
20,0.8424765771438951,0.15752342285610493
21,0.548063933882749,0.451936066117251
22,0.8424765771438951,0.15752342285610493
23,0.548063933882749,0.451936066117251
24,0.8203467846158917,0.17965321538410828
25,0.548063933882749,0.451936066117251
26,0.8463168108653771,0.1536831891346229
27,0.548063933882749,0.451936066117251
28,0.8203467846158917,0.17965321538410828
29,0.548063933882749,0.451936066117251
30,0.8424765771438951,0.15752342285610493
31,0.8463168108653771,0.1536831891346229
32,0.8203467846158917,0.17965321538410828
33,0.8424765771438951,0.15752342285610493
34,0.8463168108653771,0.1536831891346229
35,0.548063933882749,0.451936066117251
36,0.8203467846158917,0.17965321538410828
37,0.8424765771438951,0.15752342285610493
38,0.548063933882749,0.451936066117251
39,0.8424765771438951,0.15752342285610493
40,0.8203467846158917,0.17965321538410828
41,0.8463168108653771,0.1536831891346229
42,0.8463168108653771,0.1536831891346229
43,0.8424765771438951,0.15752342285610493
44,0.8203467846158917,0.17965321538410828
45,0.8424765771438951,0.15752342285610493
46,0.8203467846158917,0.17965321538410828
47,0.8203467846158917,0.17965321538410828
48,0.8424765771438951,0.15752342285610493
49,0.8424765771438951,0.15752342285610493
50,0.548063933882749,0.451936066117251
51,0.8463168108653771,0.1536831891346229
52,0.8424765771438951,0.15752342285610493
53,0.548063933882749,0.451936066117251
54,0.548063933882749,0.451936066117251
55,0.8424765771438951,0.15752342285610493
56,0.8463168108653771,0.1536831891346229
57,0.8203467846158917,0.17965321538410828
58,0.8424765771438951,0.15752342285610493
59,0.8463168108653771,0.1536831891346229
60,0.548063933882749,0.451936066117251
61,0.548063933882749,0.451936066117251
62,0.8203467846158917,0.17965321538410828
63,0.8203467846158917,0.17965321538410828
64,0.548063933882749,0.451936066117251
65,0.548063933882749,0.451936066117251
66,0.548063933882749,0.451936066117251
67,0.8203467846158917,0.17965321538410828
68,0.8463168108653771,0.1536831891346229
69,0.8463168108653771,0.1536831891346229
70,0.8203467846158917,0.17965321538410828
71,0.8203467846158917,0.17965321538410828
72,0.8463168108653771,0.1536831891346229
73,0.8463168108653771,0.1536831891346229
74,0.8424765771438951,0.15752342285610493
75,0.8463168108653771,0.1536831891346229
76,0.8424765771438951,0.15752342285610493
77,0.548063933882749,0.451936066117251
78,0.8203467846158917,0.17965321538410828
79,0.548063933882749,0.451936066117251
80,0.548063933882749,0.451936066117251
81,0.548063933882749,0.451936066117251
82,0.8463168108653771,0.1536831891346229
83,0.8463168108653771,0.1536831891346229
84,0.548063933882749,0.451936066117251
85,0.8203467846158917,0.17965321538410828
86,0.548063933882749,0.451936066117251
87,0.8424765771438951,0.15752342285610493
88,0.8424765771438951,0.15752342285610493
89,0.8463168108653771,0.1536831891346229
90,0.548063933882749,0.451936066117251
91,0.8203467846158917,0.17965321538410828
92,0.548063933882749,0.451936066117251
93,0.548063933882749,0.451936066117251
94,0.8203467846158917,0.17965321538410828
95,0.8203467846158917,0.17965321538410828
96,0.548063933882749,0.451936066117251
97,0.8424765771438951,0.15752342285610493
98,0.8424765771438951,0.15752342285610493
99,0.8424765771438951,0.15752342285610493
100,0.8203467846158917,0.17965321538410828
101,0.8424765771438951,0.15752342285610493
102,0.548063933882749,0.451936066117251
103,0.8203467846158917,0.17965321538410828
104,0.8424765771438951,0.15752342285610493
105,0.8424765771438951,0.15752342285610493
106,0.8424765771438951,0.15752342285610493
107,0.8203467846158917,0.17965321538410828
108,0.8424765771438951,0.15752342285610493
109,0.8203467846158917,0.17965321538410828
110,0.8424765771438951,0.15752342285610493
111,0.8203467846158917,0.17965321538410828
112,0.8424765771438951,0.15752342285610493
113,0.8203467846158917,0.17965321538410828
114,0.8424765771438951,0.15752342285610493
115,0.548063933882749,0.451936066117251
116,0.8424765771438951,0.15752342285610493
117,0.8424765771438951,0.15752342285610493
118,0.548063933882749,0.451936066117251
119,0.8203467846158917,0.17965321538410828
120,0.548063933882749,0.451936066117251
121,0.8424765771438951,0.15752342285610493
122,0.548063933882749,0.451936066117251
123,0.548063933882749,0.451936066117251
124,0.8463168108653771,0.1536831891346229
125,0.8203467846158917,0.17965321538410828
126,0.8203467846158917,0.17965321538410828
127,0.548063933882749,0.451936066117251
128,0.548063933882749,0.451936066117251
129,0.8463168108653771,0.1536831891346229
130,0.548063933882749,0.451936066117251
131,0.8463168108653771,0.1536831891346229
132,0.8463168108653771,0.1536831891346229
133,0.8203467846158917,0.17965321538410828
134,0.548063933882749,0.451936066117251
135,0.548063933882749,0.451936066117251
136,0.548063933882749,0.451936066117251
137,0.8463168108653771,0.1536831891346229
138,0.8424765771438951,0.15752342285610493
139,0.8424765771438951,0.15752342285610493
140,0.8424765771438951,0.15752342285610493
141,0.548063933882749,0.451936066117251
142,0.548063933882749,0.451936066117251
143,0.548063933882749,0.451936066117251
144,0.548063933882749,0.451936066117251
145,0.8463168108653771,0.1536831891346229
146,0.8463168108653771,0.1536831891346229
147,0.8424765771438951,0.15752342285610493
148,0.548063933882749,0.451936066117251
149,0.548063933882749,0.451936066117251
150,0.8203467846158917,0.17965321538410828
151,0.8463168108653771,0.1536831891346229
152,0.548063933882749,0.451936066117251
153,0.8203467846158917,0.17965321538410828
154,0.8463168108653771,0.1536831891346229
155,0.8424765771438951,0.15752342285610493
156,0.8424765771438951,0.15752342285610493
157,0.8203467846158917,0.17965321538410828
158,0.548063933882749,0.451936066117251
159,0.548063933882749,0.451936066117251
160,0.8203467846158917,0.17965321538410828
161,0.548063933882749,0.451936066117251
162,0.8424765771438951,0.15752342285610493
163,0.8203467846158917,0.17965321538410828
164,0.8203467846158917,0.17965321538410828
165,0.548063933882749,0.451936066117251
166,0.548063933882749,0.451936066117251
167,0.548063933882749,0.451936066117251
168,0.8203467846158917,0.17965321538410828
169,0.548063933882749,0.451936066117251
170,0.548063933882749,0.451936066117251
171,0.8424765771438951,0.15752342285610493
172,0.548063933882749,0.451936066117251
173,0.548063933882749,0.451936066117251
174,0.8463168108653771,0.1536831891346229
175,0.8203467846158917,0.17965321538410828
176,0.548063933882749,0.451936066117251
177,0.548063933882749,0.451936066117251
178,0.8203467846158917,0.17965321538410828
179,0.8424765771438951,0.15752342285610493
180,0.8463168108653771,0.1536831891346229
181,0.8203467846158917,0.17965321538410828
182,0.548063933882749,0.451936066117251
183,0.8203467846158917,0.17965321538410828
184,0.8463168108653771,0.1536831891346229
185,0.548063933882749,0.451936066117251
186,0.8424765771438951,0.15752342285610493
187,0.8203467846158917,0.17965321538410828
188,0.548063933882749,0.451936066117251
189,0.8424765771438951,0.15752342285610493
190,0.8203467846158917,0.17965321538410828
191,0.548063933882749,0.451936066117251
192,0.8424765771438951,0.15752342285610493
193,0.548063933882749,0.451936066117251
194,0.8203467846158917,0.17965321538410828
195,0.8424765771438951,0.15752342285610493
196,0.8424765771438951,0.15752342285610493
197,0.8463168108653771,0.1536831891346229
198,0.8203467846158917,0.17965321538410828
199,0.8424765771438951,0.15752342285610493
200,0.8424765771438951,0.15752342285610493
201,0.8424765771438951,0.15752342285610493
202,0.8463168108653771,0.1536831891346229
203,0.548063933882749,0.451936066117251
204,0.548063933882749,0.451936066117251
205,0.548063933882749,0.451936066117251
206,0.8463168108653771,0.1536831891346229
207,0.8424765771438951,0.15752342285610493
208,0.548063933882749,0.451936066117251
209,0.8424765771438951,0.15752342285610493
210,0.8424765771438951,0.15752342285610493
211,0.8203467846158917,0.17965321538410828
212,0.548063933882749,0.451936066117251
213,0.548063933882749,0.451936066117251
214,0.548063933882749,0.451936066117251
215,0.8424765771438951,0.15752342285610493
216,0.8424765771438951,0.15752342285610493
217,0.548063933882749,0.451936066117251
218,0.8424765771438951,0.15752342285610493
219,0.8463168108653771,0.1536831891346229
220,0.8424765771438951,0.15752342285610493
221,0.8424765771438951,0.15752342285610493
222,0.8424765771438951,0.15752342285610493
223,0.8463168108653771,0.1536831891346229
224,0.8203467846158917,0.17965321538410828
225,0.548063933882749,0.451936066117251
226,0.8424765771438951,0.15752342285610493
227,0.8424765771438951,0.15752342285610493
228,0.8463168108653771,0.1536831891346229
229,0.548063933882749,0.451936066117251
230,0.8463168108653771,0.1536831891346229
231,0.548063933882749,0.451936066117251
232,0.8424765771438951,0.15752342285610493
233,0.8463168108653771,0.1536831891346229
234,0.8463168108653771,0.1536831891346229
235,0.8424765771438951,0.15752342285610493
236,0.8424765771438951,0.15752342285610493
237,0.8463168108653771,0.1536831891346229
238,0.8463168108653771,0.1536831891346229
239,0.548063933882749,0.451936066117251
240,0.8424765771438951,0.15752342285610493
241,0.8424765771438951,0.15752342285610493
242,0.548063933882749,0.451936066117251
243,0.548063933882749,0.451936066117251
244,0.8203467846158917,0.17965321538410828
245,0.8203467846158917,0.17965321538410828
246,0.8424765771438951,0.15752342285610493
247,0.8424765771438951,0.15752342285610493
248,0.8424765771438951,0.15752342285610493
249,0.8463168108653771,0.1536831891346229
250,0.8463168108653771,0.1536831891346229
251,0.548063933882749,0.451936066117251
252,0.548063933882749,0.451936066117251
253,0.8424765771438951,0.15752342285610493
254,0.548063933882749,0.451936066117251
255,0.8424765771438951,0.15752342285610493
256,0.8424765771438951,0.15752342285610493
257,0.8203467846158917,0.17965321538410828
258,0.8463168108653771,0.1536831891346229
259,0.548063933882749,0.451936066117251
260,0.8463168108653771,0.1536831891346229
261,0.8203467846158917,0.17965321538410828
262,0.8463168108653771,0.1536831891346229
263,0.548063933882749,0.451936066117251
264,0.548063933882749,0.451936066117251
265,0.548063933882749,0.451936066117251
266,0.8463168108653771,0.1536831891346229
267,0.8424765771438951,0.15752342285610493
268,0.8203467846158917,0.17965321538410828
269,0.8463168108653771,0.1536831891346229
270,0.8203467846158917,0.17965321538410828
271,0.8463168108653771,0.1536831891346229
272,0.548063933882749,0.451936066117251
273,0.8463168108653771,0.1536831891346229
274,0.8424765771438951,0.15752342285610493
275,0.8203467846158917,0.17965321538410828
276,0.548063933882749,0.451936066117251
277,0.8424765771438951,0.15752342285610493
278,0.8424765771438951,0.15752342285610493
279,0.8203467846158917,0.17965321538410828
280,0.548063933882749,0.451936066117251
281,0.548063933882749,0.451936066117251
282,0.8463168108653771,0.1536831891346229
283,0.8424765771438951,0.15752342285610493
284,0.8463168108653771,0.1536831891346229
285,0.8424765771438951,0.15752342285610493
286,0.548063933882749,0.451936066117251
287,0.8203467846158917,0.17965321538410828
288,0.548063933882749,0.451936066117251
289,0.8203467846158917,0.17965321538410828
290,0.8424765771438951,0.15752342285610493
291,0.8203467846158917,0.17965321538410828
292,0.8463168108653771,0.1536831891346229
293,0.8463168108653771,0.1536831891346229
294,0.548063933882749,0.451936066117251
295,0.8203467846158917,0.17965321538410828
296,0.548063933882749,0.451936066117251
297,0.548063933882749,0.451936066117251
298,0.548063933882749,0.451936066117251
299,0.8424765771438951,0.15752342285610493
300,0.8463168108653771,0.1536831891346229
301,0.8463168108653771,0.1536831891346229
302,0.8424765771438951,0.15752342285610493
303,0.548063933882749,0.451936066117251
304,0.8203467846158917,0.17965321538410828
305,0.548063933882749,0.451936066117251
306,0.8463168108653771,0.1536831891346229
307,0.8424765771438951,0.15752342285610493
308,0.548063933882749,0.451936066117251
309,0.8203467846158917,0.17965321538410828
310,0.8463168108653771,0.1536831891346229
311,0.8203467846158917,0.17965321538410828
312,0.8424765771438951,0.15752342285610493
313,0.8463168108653771,0.1536831891346229
314,0.8203467846158917,0.17965321538410828
315,0.8424765771438951,0.15752342285610493
316,0.548063933882749,0.451936066117251
317,0.8463168108653771,0.1536831891346229
318,0.548063933882749,0.451936066117251
319,0.8424765771438951,0.15752342285610493
320,0.8424765771438951,0.15752342285610493
321,0.8424765771438951,0.15752342285610493
322,0.8463168108653771,0.1536831891346229
323,0.8203467846158917,0.17965321538410828
324,0.8203467846158917,0.17965321538410828
325,0.8463168108653771,0.1536831891346229
326,0.8463168108653771,0.1536831891346229
327,0.8463168108653771,0.1536831891346229
328,0.548063933882749,0.451936066117251
329,0.548063933882749,0.451936066117251
330,0.8203467846158917,0.17965321538410828
331,0.8203467846158917,0.17965321538410828
332,0.8424765771438951,0.15752342285610493
333,0.548063933882749,0.451936066117251
334,0.8424765771438951,0.15752342285610493
335,0.548063933882749,0.451936066117251
336,0.548063933882749,0.451936066117251
337,0.548063933882749,0.451936066117251
338,0.8203467846158917,0.17965321538410828
339,0.8203467846158917,0.17965321538410828
340,0.548063933882749,0.451936066117251
341,0.8424765771438951,0.15752342285610493
342,0.8463168108653771,0.1536831891346229
343,0.548063933882749,0.451936066117251
344,0.8203467846158917,0.17965321538410828
345,0.8203467846158917,0.17965321538410828
346,0.548063933882749,0.451936066117251
347,0.8424765771438951,0.15752342285610493
348,0.8463168108653771,0.1536831891346229
349,0.548063933882749,0.451936066117251
350,0.8463168108653771,0.1536831891346229
351,0.548063933882749,0.451936066117251
352,0.8424765771438951,0.15752342285610493
353,0.8463168108653771,0.1536831891346229
354,0.548063933882749,0.451936066117251
355,0.548063933882749,0.451936066117251
356,0.548063933882749,0.451936066117251
357,0.548063933882749,0.451936066117251
358,0.548063933882749,0.451936066117251
359,0.8424765771438951,0.15752342285610493
360,0.548063933882749,0.451936066117251
361,0.548063933882749,0.451936066117251
362,0.8203467846158917,0.17965321538410828
363,0.8203467846158917,0.17965321538410828
364,0.548063933882749,0.451936066117251
365,0.8203467846158917,0.17965321538410828
366,0.8463168108653771,0.1536831891346229
367,0.8424765771438951,0.15752342285610493
368,0.8424765771438951,0.15752342285610493
369,0.548063933882749,0.451936066117251
370,0.8203467846158917,0.17965321538410828
371,0.8424765771438951,0.15752342285610493
372,0.8203467846158917,0.17965321538410828
373,0.8463168108653771,0.1536831891346229
374,0.8424765771438951,0.15752342285610493
375,0.8463168108653771,0.1536831891346229
376,0.548063933882749,0.451936066117251
377,0.8424765771438951,0.15752342285610493
378,0.548063933882749,0.451936066117251
379,0.548063933882749,0.451936066117251
380,0.8463168108653771,0.1536831891346229
381,0.8424765771438951,0.15752342285610493
382,0.548063933882749,0.451936066117251
383,0.8424765771438951,0.15752342285610493
384,0.8463168108653771,0.1536831891346229
385,0.548063933882749,0.451936066117251
386,0.8424765771438951,0.15752342285610493
387,0.8463168108653771,0.1536831891346229
388,0.8424765771438951,0.15752342285610493
389,0.8463168108653771,0.1536831891346229
390,0.8203467846158917,0.17965321538410828
391,0.8463168108653771,0.1536831891346229
392,0.548063933882749,0.451936066117251
393,0.8463168108653771,0.1536831891346229
394,0.548063933882749,0.451936066117251
395,0.548063933882749,0.451936066117251
396,0.548063933882749,0.451936066117251
397,0.548063933882749,0.451936066117251
398,0.548063933882749,0.451936066117251
399,0.548063933882749,0.451936066117251
400,0.8463168108653771,0.1536831891346229
401,0.8203467846158917,0.17965321538410828
402,0.8203467846158917,0.17965321538410828
403,0.8463168108653771,0.1536831891346229
404,0.8203467846158917,0.17965321538410828
405,0.8463168108653771,0.1536831891346229
406,0.8424765771438951,0.15752342285610493
407,0.8203467846158917,0.17965321538410828
408,0.8463168108653771,0.1536831891346229
409,0.548063933882749,0.451936066117251
410,0.8463168108653771,0.1536831891346229
411,0.8203467846158917,0.17965321538410828
412,0.548063933882749,0.451936066117251
413,0.548063933882749,0.451936066117251
414,0.8424765771438951,0.15752342285610493
415,0.548063933882749,0.451936066117251
416,0.8203467846158917,0.17965321538410828
417,0.548063933882749,0.451936066117251
418,0.8424765771438951,0.15752342285610493
419,0.8203467846158917,0.17965321538410828
420,0.8203467846158917,0.17965321538410828
421,0.8424765771438951,0.15752342285610493
422,0.8463168108653771,0.1536831891346229
423,0.8203467846158917,0.17965321538410828
424,0.548063933882749,0.451936066117251
425,0.548063933882749,0.451936066117251
426,0.548063933882749,0.451936066117251
427,0.8424765771438951,0.15752342285610493
428,0.548063933882749,0.451936066117251
429,0.8203467846158917,0.17965321538410828
430,0.8424765771438951,0.15752342285610493
431,0.8424765771438951,0.15752342285610493
432,0.8463168108653771,0.1536831891346229
433,0.548063933882749,0.451936066117251
434,0.8463168108653771,0.1536831891346229
435,0.8424765771438951,0.15752342285610493
436,0.548063933882749,0.451936066117251
437,0.548063933882749,0.451936066117251
438,0.8203467846158917,0.17965321538410828
439,0.8463168108653771,0.1536831891346229
440,0.548063933882749,0.451936066117251
441,0.548063933882749,0.451936066117251
442,0.548063933882749,0.451936066117251
443,0.8203467846158917,0.17965321538410828
444,0.548063933882749,0.451936066117251
445,0.8203467846158917,0.17965321538410828
446,0.548063933882749,0.451936066117251
447,0.548063933882749,0.451936066117251
448,0.548063933882749,0.451936066117251
449,0.8424765771438951,0.15752342285610493
450,0.548063933882749,0.451936066117251
451,0.8424765771438951,0.15752342285610493
452,0.8463168108653771,0.1536831891346229
453,0.8424765771438951,0.15752342285610493
454,0.8463168108653771,0.1536831891346229
455,0.8424765771438951,0.15752342285610493
456,0.8424765771438951,0.15752342285610493
457,0.8463168108653771,0.1536831891346229
458,0.8424765771438951,0.15752342285610493
459,0.8424765771438951,0.15752342285610493
460,0.8203467846158917,0.17965321538410828
461,0.8463168108653771,0.1536831891346229
462,0.8424765771438951,0.15752342285610493
463,0.8203467846158917,0.17965321538410828
464,0.8424765771438951,0.15752342285610493
465,0.8203467846158917,0.17965321538410828
466,0.8203467846158917,0.17965321538410828
467,0.8424765771438951,0.15752342285610493
468,0.8463168108653771,0.1536831891346229
469,0.8424765771438951,0.15752342285610493
470,0.8424765771438951,0.15752342285610493
471,0.548063933882749,0.451936066117251
472,0.8424765771438951,0.15752342285610493
473,0.8463168108653771,0.1536831891346229
474,0.8424765771438951,0.15752342285610493
475,0.8463168108653771,0.1536831891346229
476,0.548063933882749,0.451936066117251
477,0.8463168108653771,0.1536831891346229
478,0.8203467846158917,0.17965321538410828
479,0.548063933882749,0.451936066117251
480,0.8203467846158917,0.17965321538410828
481,0.8424765771438951,0.15752342285610493
482,0.548063933882749,0.451936066117251
483,0.8424765771438951,0.15752342285610493
484,0.8463168108653771,0.1536831891346229
485,0.8463168108653771,0.1536831891346229
486,0.548063933882749,0.451936066117251
487,0.548063933882749,0.451936066117251
488,0.8424765771438951,0.15752342285610493
489,0.8424765771438951,0.15752342285610493
490,0.8424765771438951,0.15752342285610493
491,0.8203467846158917,0.17965321538410828
492,0.8463168108653771,0.1536831891346229
493,0.8203467846158917,0.17965321538410828
494,0.548063933882749,0.451936066117251
495,0.8424765771438951,0.15752342285610493
496,0.8463168108653771,0.1536831891346229
497,0.8203467846158917,0.17965321538410828
498,0.8463168108653771,0.1536831891346229
499,0.8203467846158917,0.17965321538410828
500,0.8424765771438951,0.15752342285610493
501,0.548063933882749,0.451936066117251
502,0.548063933882749,0.451936066117251
503,0.8463168108653771,0.1536831891346229
504,0.548063933882749,0.451936066117251
505,0.548063933882749,0.451936066117251
506,0.8463168108653771,0.1536831891346229
507,0.548063933882749,0.451936066117251
508,0.8463168108653771,0.1536831891346229
509,0.8424765771438951,0.15752342285610493
510,0.8463168108653771,0.1536831891346229
511,0.8203467846158917,0.17965321538410828
512,0.548063933882749,0.451936066117251
513,0.8424765771438951,0.15752342285610493
514,0.8463168108653771,0.1536831891346229
515,0.548063933882749,0.451936066117251
516,0.8203467846158917,0.17965321538410828
517,0.8424765771438951,0.15752342285610493
518,0.548063933882749,0.451936066117251
519,0.8424765771438951,0.15752342285610493
520,0.548063933882749,0.451936066117251
521,0.8203467846158917,0.17965321538410828
522,0.8424765771438951,0.15752342285610493
523,0.8424765771438951,0.15752342285610493
524,0.8424765771438951,0.15752342285610493
525,0.8203467846158917,0.17965321538410828
526,0.8463168108653771,0.1536831891346229
527,0.548063933882749,0.451936066117251
528,0.8203467846158917,0.17965321538410828
529,0.548063933882749,0.451936066117251
530,0.8424765771438951,0.15752342285610493
531,0.8203467846158917,0.17965321538410828
532,0.8424765771438951,0.15752342285610493
533,0.8424765771438951,0.15752342285610493
534,0.8203467846158917,0.17965321538410828
535,0.8424765771438951,0.15752342285610493
536,0.548063933882749,0.451936066117251
537,0.548063933882749,0.451936066117251
538,0.8203467846158917,0.17965321538410828
539,0.8463168108653771,0.1536831891346229
540,0.8463168108653771,0.1536831891346229
541,0.8424765771438951,0.15752342285610493
542,0.548063933882749,0.451936066117251
543,0.8463168108653771,0.1536831891346229
544,0.8463168108653771,0.1536831891346229
545,0.8424765771438951,0.15752342285610493
546,0.8463168108653771,0.1536831891346229
547,0.548063933882749,0.451936066117251
548,0.8203467846158917,0.17965321538410828
549,0.548063933882749,0.451936066117251
550,0.8463168108653771,0.1536831891346229
551,0.8463168108653771,0.1536831891346229
552,0.8463168108653771,0.1536831891346229
553,0.8203467846158917,0.17965321538410828
554,0.8424765771438951,0.15752342285610493
555,0.8203467846158917,0.17965321538410828
556,0.548063933882749,0.451936066117251
557,0.548063933882749,0.451936066117251
558,0.8424765771438951,0.15752342285610493
559,0.548063933882749,0.451936066117251
560,0.548063933882749,0.451936066117251
561,0.8203467846158917,0.17965321538410828
562,0.8203467846158917,0.17965321538410828
563,0.8203467846158917,0.17965321538410828
564,0.548063933882749,0.451936066117251
565,0.8424765771438951,0.15752342285610493
566,0.548063933882749,0.451936066117251
567,0.8463168108653771,0.1536831891346229
568,0.8424765771438951,0.15752342285610493
569,0.548063933882749,0.451936066117251
570,0.8203467846158917,0.17965321538410828
571,0.8424765771438951,0.15752342285610493
572,0.8463168108653771,0.1536831891346229
573,0.8424765771438951,0.15752342285610493
574,0.8424765771438951,0.15752342285610493
575,0.8463168108653771,0.1536831891346229
576,0.8424765771438951,0.15752342285610493
577,0.8463168108653771,0.1536831891346229
578,0.8424765771438951,0.15752342285610493
579,0.8463168108653771,0.1536831891346229
580,0.548063933882749,0.451936066117251
581,0.8203467846158917,0.17965321538410828
582,0.548063933882749,0.451936066117251
583,0.8203467846158917,0.17965321538410828
584,0.8463168108653771,0.1536831891346229
585,0.8424765771438951,0.15752342285610493
586,0.8424765771438951,0.15752342285610493
587,0.548063933882749,0.451936066117251
588,0.8203467846158917,0.17965321538410828
589,0.8463168108653771,0.1536831891346229
590,0.548063933882749,0.451936066117251
591,0.8463168108653771,0.1536831891346229
592,0.8463168108653771,0.1536831891346229
593,0.548063933882749,0.451936066117251
594,0.8463168108653771,0.1536831891346229
595,0.8203467846158917,0.17965321538410828
596,0.548063933882749,0.451936066117251
597,0.8463168108653771,0.1536831891346229
598,0.548063933882749,0.451936066117251
599,0.8463168108653771,0.1536831891346229
600,0.8463168108653771,0.1536831891346229
601,0.548063933882749,0.451936066117251
602,0.548063933882749,0.451936066117251
603,0.548063933882749,0.451936066117251
604,0.8463168108653771,0.1536831891346229
605,0.548063933882749,0.451936066117251
606,0.548063933882749,0.451936066117251
607,0.548063933882749,0.451936066117251
608,0.548063933882749,0.451936066117251
609,0.8463168108653771,0.1536831891346229
610,0.8424765771438951,0.15752342285610493
611,0.8463168108653771,0.1536831891346229
612,0.548063933882749,0.451936066117251
613,0.8203467846158917,0.17965321538410828
614,0.548063933882749,0.451936066117251
615,0.8203467846158917,0.17965321538410828
616,0.8203467846158917,0.17965321538410828
617,0.8424765771438951,0.15752342285610493
618,0.548063933882749,0.451936066117251
619,0.8424765771438951,0.15752342285610493
620,0.548063933882749,0.451936066117251
621,0.8203467846158917,0.17965321538410828
622,0.8203467846158917,0.17965321538410828
623,0.8424765771438951,0.15752342285610493
624,0.8203467846158917,0.17965321538410828
625,0.8463168108653771,0.1536831891346229
626,0.8203467846158917,0.17965321538410828
627,0.8203467846158917,0.17965321538410828
628,0.8203467846158917,0.17965321538410828
629,0.8424765771438951,0.15752342285610493
630,0.8463168108653771,0.1536831891346229
631,0.8424765771438951,0.15752342285610493
632,0.548063933882749,0.451936066117251
633,0.8463168108653771,0.1536831891346229
634,0.548063933882749,0.451936066117251
635,0.548063933882749,0.451936066117251
636,0.8203467846158917,0.17965321538410828
637,0.8424765771438951,0.15752342285610493
638,0.548063933882749,0.451936066117251
639,0.8463168108653771,0.1536831891346229
640,0.8463168108653771,0.1536831891346229
641,0.8424765771438951,0.15752342285610493
642,0.548063933882749,0.451936066117251
643,0.8203467846158917,0.17965321538410828
644,0.548063933882749,0.451936066117251
645,0.548063933882749,0.451936066117251
646,0.8424765771438951,0.15752342285610493
647,0.8463168108653771,0.1536831891346229
648,0.8203467846158917,0.17965321538410828
649,0.548063933882749,0.451936066117251
650,0.8463168108653771,0.1536831891346229
651,0.8424765771438951,0.15752342285610493
652,0.548063933882749,0.451936066117251
653,0.8424765771438951,0.15752342285610493
654,0.8463168108653771,0.1536831891346229
655,0.548063933882749,0.451936066117251
656,0.8463168108653771,0.1536831891346229
657,0.548063933882749,0.451936066117251
658,0.8463168108653771,0.1536831891346229
659,0.8463168108653771,0.1536831891346229
660,0.548063933882749,0.451936066117251
661,0.8424765771438951,0.15752342285610493
662,0.8203467846158917,0.17965321538410828
663,0.8463168108653771,0.1536831891346229
664,0.8203467846158917,0.17965321538410828
665,0.548063933882749,0.451936066117251
666,0.548063933882749,0.451936066117251
667,0.548063933882749,0.451936066117251
668,0.8424765771438951,0.15752342285610493
669,0.548063933882749,0.451936066117251
670,0.8203467846158917,0.17965321538410828
671,0.8203467846158917,0.17965321538410828
672,0.548063933882749,0.451936066117251
673,0.8463168108653771,0.1536831891346229
674,0.8463168108653771,0.1536831891346229
675,0.8463168108653771,0.1536831891346229
676,0.548063933882749,0.451936066117251
677,0.8203467846158917,0.17965321538410828
678,0.8203467846158917,0.17965321538410828
679,0.8424765771438951,0.15752342285610493
680,0.8463168108653771,0.1536831891346229
681,0.548063933882749,0.451936066117251
682,0.548063933882749,0.451936066117251
683,0.548063933882749,0.451936066117251
684,0.548063933882749,0.451936066117251
685,0.8424765771438951,0.15752342285610493
686,0.8463168108653771,0.1536831891346229
687,0.8463168108653771,0.1536831891346229
688,0.8424765771438951,0.15752342285610493
689,0.548063933882749,0.451936066117251
690,0.548063933882749,0.451936066117251
691,0.548063933882749,0.451936066117251
692,0.548063933882749,0.451936066117251
693,0.548063933882749,0.451936066117251
694,0.8463168108653771,0.1536831891346229
695,0.8203467846158917,0.17965321538410828
696,0.8203467846158917,0.17965321538410828
697,0.8463168108653771,0.1536831891346229
698,0.548063933882749,0.451936066117251
699,0.8424765771438951,0.15752342285610493
700,0.548063933882749,0.451936066117251
701,0.8203467846158917,0.17965321538410828
702,0.548063933882749,0.451936066117251
703,0.8203467846158917,0.17965321538410828
704,0.8203467846158917,0.17965321538410828
705,0.8424765771438951,0.15752342285610493
706,0.8203467846158917,0.17965321538410828
707,0.8463168108653771,0.1536831891346229
708,0.548063933882749,0.451936066117251
709,0.548063933882749,0.451936066117251
710,0.8463168108653771,0.1536831891346229
711,0.548063933882749,0.451936066117251
712,0.8424765771438951,0.15752342285610493
713,0.8203467846158917,0.17965321538410828
714,0.8203467846158917,0.17965321538410828
715,0.8424765771438951,0.15752342285610493
716,0.548063933882749,0.451936066117251
717,0.548063933882749,0.451936066117251
718,0.548063933882749,0.451936066117251
719,0.548063933882749,0.451936066117251
720,0.548063933882749,0.451936066117251
721,0.8203467846158917,0.17965321538410828
722,0.8424765771438951,0.15752342285610493
723,0.8463168108653771,0.1536831891346229
724,0.8203467846158917,0.17965321538410828
725,0.8424765771438951,0.15752342285610493
726,0.8203467846158917,0.17965321538410828
727,0.548063933882749,0.451936066117251
728,0.548063933882749,0.451936066117251
729,0.548063933882749,0.451936066117251
730,0.548063933882749,0.451936066117251
731,0.548063933882749,0.451936066117251
732,0.8463168108653771,0.1536831891346229
733,0.548063933882749,0.451936066117251
734,0.548063933882749,0.451936066117251
735,0.548063933882749,0.451936066117251
736,0.548063933882749,0.451936066117251
737,0.548063933882749,0.451936066117251
738,0.8203467846158917,0.17965321538410828
739,0.548063933882749,0.451936066117251
740,0.8203467846158917,0.17965321538410828
741,0.548063933882749,0.451936066117251
742,0.548063933882749,0.451936066117251
743,0.548063933882749,0.451936066117251
744,0.8203467846158917,0.17965321538410828
745,0.8463168108653771,0.1536831891346229
746,0.8463168108653771,0.1536831891346229
747,0.8203467846158917,0.17965321538410828
748,0.8203467846158917,0.17965321538410828
749,0.548063933882749,0.451936066117251
750,0.548063933882749,0.451936066117251
751,0.8203467846158917,0.17965321538410828
752,0.8463168108653771,0.1536831891346229
753,0.548063933882749,0.451936066117251
754,0.8203467846158917,0.17965321538410828
755,0.8463168108653771,0.1536831891346229
756,0.8203467846158917,0.17965321538410828
757,0.8203467846158917,0.17965321538410828
758,0.8463168108653771,0.1536831891346229
759,0.8203467846158917,0.17965321538410828
760,0.8424765771438951,0.15752342285610493
761,0.548063933882749,0.451936066117251
762,0.548063933882749,0.451936066117251
763,0.8463168108653771,0.1536831891346229
764,0.8424765771438951,0.15752342285610493
765,0.548063933882749,0.451936066117251
766,0.8203467846158917,0.17965321538410828
767,0.548063933882749,0.451936066117251
768,0.548063933882749,0.451936066117251
769,0.548063933882749,0.451936066117251
770,0.8424765771438951,0.15752342285610493
771,0.548063933882749,0.451936066117251
772,0.8203467846158917,0.17965321538410828
773,0.8203467846158917,0.17965321538410828
774,0.548063933882749,0.451936066117251
775,0.8424765771438951,0.15752342285610493
776,0.548063933882749,0.451936066117251
777,0.8463168108653771,0.1536831891346229
778,0.548063933882749,0.451936066117251
779,0.548063933882749,0.451936066117251
780,0.548063933882749,0.451936066117251
781,0.8424765771438951,0.15752342285610493
782,0.8463168108653771,0.1536831891346229
783,0.8203467846158917,0.17965321538410828
784,0.548063933882749,0.451936066117251
785,0.8463168108653771,0.1536831891346229
786,0.8203467846158917,0.17965321538410828
787,0.548063933882749,0.451936066117251
788,0.8463168108653771,0.1536831891346229
789,0.8203467846158917,0.17965321538410828
790,0.8463168108653771,0.1536831891346229
791,0.548063933882749,0.451936066117251
792,0.548063933882749,0.451936066117251
793,0.8463168108653771,0.1536831891346229
794,0.548063933882749,0.451936066117251
795,0.8424765771438951,0.15752342285610493
796,0.8424765771438951,0.15752342285610493
797,0.548063933882749,0.451936066117251
798,0.548063933882749,0.451936066117251
799,0.8203467846158917,0.17965321538410828
800,0.8424765771438951,0.15752342285610493
801,0.548063933882749,0.451936066117251
802,0.8463168108653771,0.1536831891346229
803,0.548063933882749,0.451936066117251
804,0.8424765771438951,0.15752342285610493
805,0.548063933882749,0.451936066117251
806,0.8424765771438951,0.15752342285610493
807,0.8463168108653771,0.1536831891346229
808,0.8424765771438951,0.15752342285610493
809,0.8463168108653771,0.1536831891346229
810,0.8424765771438951,0.15752342285610493
811,0.8463168108653771,0.1536831891346229
812,0.8463168108653771,0.1536831891346229
813,0.8424765771438951,0.15752342285610493
814,0.8424765771438951,0.15752342285610493
815,0.548063933882749,0.451936066117251
816,0.8463168108653771,0.1536831891346229
817,0.548063933882749,0.451936066117251
818,0.8463168108653771,0.1536831891346229
819,0.548063933882749,0.451936066117251
820,0.8424765771438951,0.15752342285610493
821,0.8463168108653771,0.1536831891346229
822,0.548063933882749,0.451936066117251
823,0.8424765771438951,0.15752342285610493
824,0.8463168108653771,0.1536831891346229
825,0.8203467846158917,0.17965321538410828
826,0.8203467846158917,0.17965321538410828
827,0.548063933882749,0.451936066117251
828,0.8203467846158917,0.17965321538410828
829,0.8424765771438951,0.15752342285610493
830,0.548063933882749,0.451936066117251
831,0.8463168108653771,0.1536831891346229
832,0.548063933882749,0.451936066117251
833,0.548063933882749,0.451936066117251
834,0.8463168108653771,0.1536831891346229
835,0.8463168108653771,0.1536831891346229
836,0.8203467846158917,0.17965321538410828
837,0.8424765771438951,0.15752342285610493
838,0.548063933882749,0.451936066117251
839,0.8463168108653771,0.1536831891346229
840,0.8203467846158917,0.17965321538410828
841,0.548063933882749,0.451936066117251
842,0.548063933882749,0.451936066117251
843,0.8463168108653771,0.1536831891346229
844,0.548063933882749,0.451936066117251
845,0.548063933882749,0.451936066117251
846,0.8463168108653771,0.1536831891346229
847,0.8463168108653771,0.1536831891346229
848,0.8463168108653771,0.1536831891346229
849,0.8424765771438951,0.15752342285610493
850,0.548063933882749,0.451936066117251
851,0.8463168108653771,0.1536831891346229
852,0.8424765771438951,0.15752342285610493
853,0.8203467846158917,0.17965321538410828
854,0.8203467846158917,0.17965321538410828
855,0.8463168108653771,0.1536831891346229
856,0.8463168108653771,0.1536831891346229
857,0.8424765771438951,0.15752342285610493
858,0.8463168108653771,0.1536831891346229
859,0.548063933882749,0.451936066117251
860,0.8203467846158917,0.17965321538410828
861,0.548063933882749,0.451936066117251
862,0.8203467846158917,0.17965321538410828
863,0.8463168108653771,0.1536831891346229
864,0.548063933882749,0.451936066117251
865,0.548063933882749,0.451936066117251
866,0.548063933882749,0.451936066117251
867,0.8203467846158917,0.17965321538410828
868,0.8424765771438951,0.15752342285610493
869,0.8424765771438951,0.15752342285610493
870,0.8203467846158917,0.17965321538410828
871,0.548063933882749,0.451936066117251
872,0.8463168108653771,0.1536831891346229
873,0.8203467846158917,0.17965321538410828
874,0.8203467846158917,0.17965321538410828
875,0.8203467846158917,0.17965321538410828
876,0.548063933882749,0.451936066117251
877,0.8463168108653771,0.1536831891346229
878,0.548063933882749,0.451936066117251
879,0.8424765771438951,0.15752342285610493
880,0.8424765771438951,0.15752342285610493
881,0.548063933882749,0.451936066117251
882,0.548063933882749,0.451936066117251
883,0.548063933882749,0.451936066117251
884,0.8463168108653771,0.1536831891346229
885,0.548063933882749,0.451936066117251
886,0.8463168108653771,0.1536831891346229
887,0.548063933882749,0.451936066117251
888,0.548063933882749,0.451936066117251
889,0.8463168108653771,0.1536831891346229
890,0.8424765771438951,0.15752342285610493
891,0.548063933882749,0.451936066117251
892,0.8463168108653771,0.1536831891346229
893,0.8203467846158917,0.17965321538410828
894,0.8424765771438951,0.15752342285610493
895,0.548063933882749,0.451936066117251
896,0.8203467846158917,0.17965321538410828
897,0.548063933882749,0.451936066117251
898,0.8463168108653771,0.1536831891346229
899,0.548063933882749,0.451936066117251
900,0.8424765771438951,0.15752342285610493
901,0.548063933882749,0.451936066117251
902,0.8463168108653771,0.1536831891346229
903,0.548063933882749,0.451936066117251
904,0.548063933882749,0.451936066117251
905,0.8203467846158917,0.17965321538410828
906,0.8463168108653771,0.1536831891346229
907,0.8203467846158917,0.17965321538410828
908,0.8463168108653771,0.1536831891346229
909,0.8463168108653771,0.1536831891346229
910,0.548063933882749,0.451936066117251
911,0.8463168108653771,0.1536831891346229
912,0.548063933882749,0.451936066117251
913,0.548063933882749,0.451936066117251
914,0.8203467846158917,0.17965321538410828
915,0.8463168108653771,0.1536831891346229
916,0.8463168108653771,0.1536831891346229
917,0.8203467846158917,0.17965321538410828
918,0.8203467846158917,0.17965321538410828
919,0.548063933882749,0.451936066117251
920,0.8424765771438951,0.15752342285610493
921,0.548063933882749,0.451936066117251
922,0.8424765771438951,0.15752342285610493
923,0.8203467846158917,0.17965321538410828
924,0.8203467846158917,0.17965321538410828
925,0.548063933882749,0.451936066117251
926,0.8203467846158917,0.17965321538410828
927,0.8463168108653771,0.1536831891346229
928,0.8203467846158917,0.17965321538410828
929,0.548063933882749,0.451936066117251
930,0.8424765771438951,0.15752342285610493
931,0.8463168108653771,0.1536831891346229
932,0.548063933882749,0.451936066117251
933,0.8203467846158917,0.17965321538410828
934,0.548063933882749,0.451936066117251
935,0.548063933882749,0.451936066117251
936,0.8203467846158917,0.17965321538410828
937,0.8424765771438951,0.15752342285610493
938,0.548063933882749,0.451936066117251
939,0.8463168108653771,0.1536831891346229
940,0.548063933882749,0.451936066117251
941,0.8463168108653771,0.1536831891346229
942,0.8424765771438951,0.15752342285610493
943,0.8463168108653771,0.1536831891346229
944,0.8203467846158917,0.17965321538410828
945,0.8424765771438951,0.15752342285610493
946,0.8424765771438951,0.15752342285610493
947,0.8424765771438951,0.15752342285610493
948,0.548063933882749,0.451936066117251
949,0.8424765771438951,0.15752342285610493
950,0.8203467846158917,0.17965321538410828
951,0.8463168108653771,0.1536831891346229
952,0.8424765771438951,0.15752342285610493
953,0.8463168108653771,0.1536831891346229
954,0.8463168108653771,0.1536831891346229
955,0.548063933882749,0.451936066117251
956,0.8424765771438951,0.15752342285610493
957,0.548063933882749,0.451936066117251
958,0.8424765771438951,0.15752342285610493
959,0.548063933882749,0.451936066117251
960,0.8424765771438951,0.15752342285610493
961,0.8424765771438951,0.15752342285610493
962,0.548063933882749,0.451936066117251
963,0.8203467846158917,0.17965321538410828
964,0.548063933882749,0.451936066117251
965,0.8463168108653771,0.1536831891346229
966,0.8463168108653771,0.1536831891346229
967,0.8463168108653771,0.1536831891346229
968,0.548063933882749,0.451936066117251
969,0.8463168108653771,0.1536831891346229
970,0.8424765771438951,0.15752342285610493
971,0.8424765771438951,0.15752342285610493
972,0.8424765771438951,0.15752342285610493
973,0.8203467846158917,0.17965321538410828
974,0.8424765771438951,0.15752342285610493
975,0.548063933882749,0.451936066117251
976,0.8463168108653771,0.1536831891346229
977,0.548063933882749,0.451936066117251
978,0.8424765771438951,0.15752342285610493
979,0.548063933882749,0.451936066117251
980,0.8203467846158917,0.17965321538410828
981,0.548063933882749,0.451936066117251
982,0.8203467846158917,0.17965321538410828
983,0.8203467846158917,0.17965321538410828
984,0.548063933882749,0.451936066117251
985,0.8203467846158917,0.17965321538410828
986,0.8424765771438951,0.15752342285610493
987,0.8203467846158917,0.17965321538410828
988,0.8203467846158917,0.17965321538410828
989,0.548063933882749,0.451936066117251
990,0.8463168108653771,0.1536831891346229
991,0.8424765771438951,0.15752342285610493
992,0.548063933882749,0.451936066117251
993,0.548063933882749,0.451936066117251
994,0.8203467846158917,0.17965321538410828
995,0.8424765771438951,0.15752342285610493
996,0.8203467846158917,0.17965321538410828
997,0.8463168108653771,0.1536831891346229
998,0.8424765771438951,0.15752342285610493
999,0.8203467846158917,0.17965321538410828
1000,0.8203467846158917,0.17965321538410828
1001,0.548063933882749,0.451936066117251
1002,0.8424765771438951,0.15752342285610493
1003,0.8424765771438951,0.15752342285610493
1004,0.8463168108653771,0.1536831891346229
1005,0.8424765771438951,0.15752342285610493
1006,0.8424765771438951,0.15752342285610493
1007,0.8463168108653771,0.1536831891346229
1008,0.548063933882749,0.451936066117251
1009,0.548063933882749,0.451936066117251
1010,0.8424765771438951,0.15752342285610493
1011,0.548063933882749,0.451936066117251
1012,0.8463168108653771,0.1536831891346229
1013,0.548063933882749,0.451936066117251
1014,0.8424765771438951,0.15752342285610493
1015,0.548063933882749,0.451936066117251
1016,0.8424765771438951,0.15752342285610493
1017,0.548063933882749,0.451936066117251
1018,0.8424765771438951,0.15752342285610493
1019,0.8424765771438951,0.15752342285610493
1020,0.8203467846158917,0.17965321538410828
1021,0.8424765771438951,0.15752342285610493
1022,0.8203467846158917,0.17965321538410828
1023,0.548063933882749,0.451936066117251
1024,0.548063933882749,0.451936066117251
1025,0.548063933882749,0.451936066117251
1026,0.8424765771438951,0.15752342285610493
1027,0.8203467846158917,0.17965321538410828
1028,0.8463168108653771,0.1536831891346229
1029,0.8463168108653771,0.1536831891346229
1030,0.8203467846158917,0.17965321538410828
1031,0.8424765771438951,0.15752342285610493
1032,0.8463168108653771,0.1536831891346229
1033,0.8463168108653771,0.1536831891346229
1034,0.8463168108653771,0.1536831891346229
1035,0.8463168108653771,0.1536831891346229
1036,0.8463168108653771,0.1536831891346229
1037,0.8203467846158917,0.17965321538410828
1038,0.8203467846158917,0.17965321538410828
1039,0.8463168108653771,0.1536831891346229
1040,0.548063933882749,0.451936066117251
1041,0.8424765771438951,0.15752342285610493
1042,0.8203467846158917,0.17965321538410828
1043,0.548063933882749,0.451936066117251
1044,0.8463168108653771,0.1536831891346229
1045,0.8424765771438951,0.15752342285610493
1046,0.8424765771438951,0.15752342285610493
1047,0.8424765771438951,0.15752342285610493
1048,0.548063933882749,0.451936066117251
1049,0.548063933882749,0.451936066117251
1050,0.548063933882749,0.451936066117251
1051,0.8463168108653771,0.1536831891346229
1052,0.8463168108653771,0.1536831891346229
1053,0.548063933882749,0.451936066117251
1054,0.548063933882749,0.451936066117251
1055,0.8424765771438951,0.15752342285610493
1056,0.8424765771438951,0.15752342285610493
1057,0.548063933882749,0.451936066117251
1058,0.548063933882749,0.451936066117251
1059,0.8203467846158917,0.17965321538410828
1060,0.8203467846158917,0.17965321538410828
1061,0.548063933882749,0.451936066117251
1062,0.548063933882749,0.451936066117251
1063,0.548063933882749,0.451936066117251
1064,0.548063933882749,0.451936066117251
1065,0.8463168108653771,0.1536831891346229
1066,0.548063933882749,0.451936066117251
1067,0.8463168108653771,0.1536831891346229
1068,0.548063933882749,0.451936066117251
1069,0.8203467846158917,0.17965321538410828
1070,0.548063933882749,0.451936066117251
1071,0.548063933882749,0.451936066117251
1072,0.548063933882749,0.451936066117251
1073,0.548063933882749,0.451936066117251
1074,0.548063933882749,0.451936066117251
1075,0.8463168108653771,0.1536831891346229
1076,0.8463168108653771,0.1536831891346229
1077,0.548063933882749,0.451936066117251
1078,0.8463168108653771,0.1536831891346229
1079,0.8203467846158917,0.17965321538410828
1080,0.8424765771438951,0.15752342285610493
1081,0.548063933882749,0.451936066117251
1082,0.548063933882749,0.451936066117251
1083,0.548063933882749,0.451936066117251
1084,0.548063933882749,0.451936066117251
1085,0.8424765771438951,0.15752342285610493
1086,0.8424765771438951,0.15752342285610493
1087,0.548063933882749,0.451936066117251
1088,0.8424765771438951,0.15752342285610493
1089,0.548063933882749,0.451936066117251
1090,0.8424765771438951,0.15752342285610493
1091,0.8463168108653771,0.1536831891346229
1092,0.548063933882749,0.451936066117251
1093,0.8424765771438951,0.15752342285610493
1094,0.548063933882749,0.451936066117251
1095,0.548063933882749,0.451936066117251
1096,0.548063933882749,0.451936066117251
1097,0.8463168108653771,0.1536831891346229
1098,0.548063933882749,0.451936066117251
1099,0.8203467846158917,0.17965321538410828
1100,0.8424765771438951,0.15752342285610493
1101,0.548063933882749,0.451936066117251
1102,0.8463168108653771,0.1536831891346229
1103,0.8424765771438951,0.15752342285610493
1104,0.8203467846158917,0.17965321538410828
1105,0.548063933882749,0.451936066117251
1106,0.8203467846158917,0.17965321538410828
1107,0.548063933882749,0.451936066117251
1108,0.8203467846158917,0.17965321538410828
1109,0.548063933882749,0.451936066117251
1110,0.8463168108653771,0.1536831891346229
1111,0.548063933882749,0.451936066117251
1112,0.548063933882749,0.451936066117251
1113,0.548063933882749,0.451936066117251
1114,0.8424765771438951,0.15752342285610493
1115,0.8203467846158917,0.17965321538410828
1116,0.548063933882749,0.451936066117251
1117,0.8203467846158917,0.17965321538410828
1118,0.8203467846158917,0.17965321538410828
1119,0.548063933882749,0.451936066117251
1120,0.8463168108653771,0.1536831891346229
1121,0.8463168108653771,0.1536831891346229
1122,0.8203467846158917,0.17965321538410828
1123,0.548063933882749,0.451936066117251
1124,0.8203467846158917,0.17965321538410828
1125,0.8424765771438951,0.15752342285610493
1126,0.8463168108653771,0.1536831891346229
1127,0.548063933882749,0.451936066117251
1128,0.8463168108653771,0.1536831891346229
1129,0.8463168108653771,0.1536831891346229
1130,0.8463168108653771,0.1536831891346229
1131,0.8463168108653771,0.1536831891346229
1132,0.548063933882749,0.451936066117251
1133,0.8424765771438951,0.15752342285610493
1134,0.8463168108653771,0.1536831891346229
1135,0.8203467846158917,0.17965321538410828
1136,0.8424765771438951,0.15752342285610493
1137,0.8203467846158917,0.17965321538410828
1138,0.8424765771438951,0.15752342285610493
1139,0.8203467846158917,0.17965321538410828
1140,0.8463168108653771,0.1536831891346229
1141,0.8203467846158917,0.17965321538410828
1142,0.548063933882749,0.451936066117251
1143,0.8203467846158917,0.17965321538410828
1144,0.8424765771438951,0.15752342285610493
1145,0.8203467846158917,0.17965321538410828
1146,0.8424765771438951,0.15752342285610493
1147,0.548063933882749,0.451936066117251
1148,0.8424765771438951,0.15752342285610493
1149,0.8463168108653771,0.1536831891346229
1150,0.8424765771438951,0.15752342285610493
1151,0.548063933882749,0.451936066117251
1152,0.8424765771438951,0.15752342285610493
1153,0.8203467846158917,0.17965321538410828
1154,0.8424765771438951,0.15752342285610493
1155,0.8463168108653771,0.1536831891346229
1156,0.548063933882749,0.451936066117251
1157,0.548063933882749,0.451936066117251
1158,0.8424765771438951,0.15752342285610493
1159,0.548063933882749,0.451936066117251
1160,0.548063933882749,0.451936066117251
1161,0.8463168108653771,0.1536831891346229
1162,0.8203467846158917,0.17965321538410828
1163,0.8463168108653771,0.1536831891346229
1164,0.548063933882749,0.451936066117251
1165,0.8203467846158917,0.17965321538410828
1166,0.8203467846158917,0.17965321538410828
1167,0.8463168108653771,0.1536831891346229
1168,0.8424765771438951,0.15752342285610493
1169,0.8463168108653771,0.1536831891346229
1170,0.548063933882749,0.451936066117251
1171,0.8203467846158917,0.17965321538410828
1172,0.8424765771438951,0.15752342285610493
1173,0.548063933882749,0.451936066117251
1174,0.8203467846158917,0.17965321538410828
1175,0.8203467846158917,0.17965321538410828
1176,0.548063933882749,0.451936066117251
1177,0.8203467846158917,0.17965321538410828
1178,0.548063933882749,0.451936066117251
1179,0.8463168108653771,0.1536831891346229
1180,0.8203467846158917,0.17965321538410828
1181,0.8463168108653771,0.1536831891346229
1182,0.8424765771438951,0.15752342285610493
1183,0.548063933882749,0.451936066117251
1184,0.548063933882749,0.451936066117251
1185,0.548063933882749,0.451936066117251
1186,0.548063933882749,0.451936066117251
1187,0.548063933882749,0.451936066117251
1188,0.548063933882749,0.451936066117251
1189,0.8424765771438951,0.15752342285610493
1190,0.548063933882749,0.451936066117251
1191,0.8424765771438951,0.15752342285610493
1192,0.8203467846158917,0.17965321538410828
1193,0.548063933882749,0.451936066117251
1194,0.8424765771438951,0.15752342285610493
1195,0.8424765771438951,0.15752342285610493
1196,0.8203467846158917,0.17965321538410828
1197,0.8424765771438951,0.15752342285610493
1198,0.8424765771438951,0.15752342285610493
1199,0.8203467846158917,0.17965321538410828
1200,0.548063933882749,0.451936066117251
1201,0.8463168108653771,0.1536831891346229
1202,0.8203467846158917,0.17965321538410828
1203,0.8424765771438951,0.15752342285610493
1204,0.548063933882749,0.451936066117251
1205,0.548063933882749,0.451936066117251
1206,0.8203467846158917,0.17965321538410828
1207,0.8424765771438951,0.15752342285610493
1208,0.548063933882749,0.451936066117251
1209,0.8463168108653771,0.1536831891346229
1210,0.8463168108653771,0.1536831891346229
1211,0.8424765771438951,0.15752342285610493
1212,0.8463168108653771,0.1536831891346229
1213,0.548063933882749,0.451936066117251
1214,0.548063933882749,0.451936066117251
1215,0.8424765771438951,0.15752342285610493
1216,0.8463168108653771,0.1536831891346229
1217,0.8463168108653771,0.1536831891346229
1218,0.548063933882749,0.451936066117251
1219,0.548063933882749,0.451936066117251
1220,0.548063933882749,0.451936066117251
1221,0.548063933882749,0.451936066117251
1222,0.8424765771438951,0.15752342285610493
1223,0.548063933882749,0.451936066117251
1224,0.8463168108653771,0.1536831891346229
1225,0.8203467846158917,0.17965321538410828
1226,0.8203467846158917,0.17965321538410828
1227,0.8203467846158917,0.17965321538410828
1228,0.8424765771438951,0.15752342285610493
1229,0.8424765771438951,0.15752342285610493
1230,0.8203467846158917,0.17965321538410828
1231,0.548063933882749,0.451936066117251
1232,0.8203467846158917,0.17965321538410828
1233,0.8424765771438951,0.15752342285610493
1234,0.8203467846158917,0.17965321538410828
1235,0.8203467846158917,0.17965321538410828
1236,0.8424765771438951,0.15752342285610493
1237,0.8424765771438951,0.15752342285610493
1238,0.8424765771438951,0.15752342285610493
1239,0.8424765771438951,0.15752342285610493
1240,0.8203467846158917,0.17965321538410828
1241,0.8203467846158917,0.17965321538410828
1242,0.548063933882749,0.451936066117251
1243,0.8463168108653771,0.1536831891346229
1244,0.8424765771438951,0.15752342285610493
1245,0.548063933882749,0.451936066117251
1246,0.548063933882749,0.451936066117251
1247,0.8203467846158917,0.17965321538410828
1248,0.8424765771438951,0.15752342285610493
1249,0.548063933882749,0.451936066117251
1250,0.548063933882749,0.451936066117251
1251,0.8424765771438951,0.15752342285610493
1252,0.8203467846158917,0.17965321538410828
1253,0.8424765771438951,0.15752342285610493
1254,0.548063933882749,0.451936066117251
1255,0.8463168108653771,0.1536831891346229
1256,0.8203467846158917,0.17965321538410828
1257,0.548063933882749,0.451936066117251
1258,0.8424765771438951,0.15752342285610493
1259,0.8203467846158917,0.17965321538410828
1260,0.8424765771438951,0.15752342285610493
1261,0.548063933882749,0.451936066117251
1262,0.548063933882749,0.451936066117251
1263,0.8424765771438951,0.15752342285610493
1264,0.8463168108653771,0.1536831891346229
1265,0.548063933882749,0.451936066117251
1266,0.8424765771438951,0.15752342285610493
1267,0.8463168108653771,0.1536831891346229
1268,0.8424765771438951,0.15752342285610493
1269,0.548063933882749,0.451936066117251
1270,0.8463168108653771,0.1536831891346229
1271,0.548063933882749,0.451936066117251
1272,0.548063933882749,0.451936066117251
1273,0.8424765771438951,0.15752342285610493
1274,0.8203467846158917,0.17965321538410828
1275,0.548063933882749,0.451936066117251
1276,0.8424765771438951,0.15752342285610493
1277,0.8424765771438951,0.15752342285610493
1278,0.8424765771438951,0.15752342285610493
1279,0.8424765771438951,0.15752342285610493
1280,0.548063933882749,0.451936066117251
1281,0.548063933882749,0.451936066117251
1282,0.548063933882749,0.451936066117251
1283,0.548063933882749,0.451936066117251
1284,0.8424765771438951,0.15752342285610493
1285,0.548063933882749,0.451936066117251
1286,0.8424765771438951,0.15752342285610493
1287,0.548063933882749,0.451936066117251
1288,0.8424765771438951,0.15752342285610493
1289,0.548063933882749,0.451936066117251
1290,0.8424765771438951,0.15752342285610493
1291,0.8424765771438951,0.15752342285610493
1292,0.8203467846158917,0.17965321538410828
1293,0.548063933882749,0.451936066117251
1294,0.548063933882749,0.451936066117251
1295,0.8463168108653771,0.1536831891346229
1296,0.8463168108653771,0.1536831891346229
1297,0.548063933882749,0.451936066117251
1298,0.8463168108653771,0.1536831891346229
1299,0.8463168108653771,0.1536831891346229
1300,0.8424765771438951,0.15752342285610493
1301,0.8203467846158917,0.17965321538410828
1302,0.548063933882749,0.451936066117251
1303,0.8203467846158917,0.17965321538410828
1304,0.8463168108653771,0.1536831891346229
1305,0.548063933882749,0.451936066117251
1306,0.548063933882749,0.451936066117251
1307,0.548063933882749,0.451936066117251
1308,0.8463168108653771,0.1536831891346229
1309,0.8424765771438951,0.15752342285610493
1310,0.8424765771438951,0.15752342285610493
1311,0.8424765771438951,0.15752342285610493
1312,0.8424765771438951,0.15752342285610493
1313,0.548063933882749,0.451936066117251
1314,0.8424765771438951,0.15752342285610493
1315,0.548063933882749,0.451936066117251
1316,0.548063933882749,0.451936066117251
1317,0.8463168108653771,0.1536831891346229
1318,0.8424765771438951,0.15752342285610493
1319,0.8203467846158917,0.17965321538410828
1320,0.548063933882749,0.451936066117251
1321,0.548063933882749,0.451936066117251
1322,0.548063933882749,0.451936066117251
1323,0.8424765771438951,0.15752342285610493
1324,0.548063933882749,0.451936066117251
1325,0.548063933882749,0.451936066117251
1326,0.548063933882749,0.451936066117251
1327,0.8203467846158917,0.17965321538410828
1328,0.8424765771438951,0.15752342285610493
1329,0.8203467846158917,0.17965321538410828
1330,0.8203467846158917,0.17965321538410828
1331,0.8424765771438951,0.15752342285610493
1332,0.548063933882749,0.451936066117251
1333,0.8463168108653771,0.1536831891346229
1334,0.8424765771438951,0.15752342285610493
1335,0.8463168108653771,0.1536831891346229
1336,0.8203467846158917,0.17965321538410828
1337,0.8424765771438951,0.15752342285610493
1338,0.548063933882749,0.451936066117251
1339,0.548063933882749,0.451936066117251
1340,0.548063933882749,0.451936066117251
1341,0.8463168108653771,0.1536831891346229
1342,0.8203467846158917,0.17965321538410828
1343,0.8203467846158917,0.17965321538410828
1344,0.8203467846158917,0.17965321538410828
1345,0.548063933882749,0.451936066117251
1346,0.8463168108653771,0.1536831891346229
1347,0.8424765771438951,0.15752342285610493
1348,0.8203467846158917,0.17965321538410828
1349,0.8463168108653771,0.1536831891346229
1350,0.8424765771438951,0.15752342285610493
1351,0.8463168108653771,0.1536831891346229
1352,0.8203467846158917,0.17965321538410828
1353,0.548063933882749,0.451936066117251
1354,0.548063933882749,0.451936066117251
1355,0.548063933882749,0.451936066117251
1356,0.548063933882749,0.451936066117251
1357,0.548063933882749,0.451936066117251
1358,0.548063933882749,0.451936066117251
1359,0.8424765771438951,0.15752342285610493
1360,0.548063933882749,0.451936066117251
1361,0.8203467846158917,0.17965321538410828
1362,0.548063933882749,0.451936066117251
1363,0.548063933882749,0.451936066117251
1364,0.548063933882749,0.451936066117251
1365,0.8203467846158917,0.17965321538410828
1366,0.8203467846158917,0.17965321538410828
1367,0.8424765771438951,0.15752342285610493
1368,0.8424765771438951,0.15752342285610493
1369,0.8463168108653771,0.1536831891346229
1370,0.8424765771438951,0.15752342285610493
1371,0.548063933882749,0.451936066117251
1372,0.548063933882749,0.451936066117251
1373,0.8463168108653771,0.1536831891346229
1374,0.8424765771438951,0.15752342285610493
1375,0.8463168108653771,0.1536831891346229
1376,0.8203467846158917,0.17965321538410828
1377,0.548063933882749,0.451936066117251
1378,0.8424765771438951,0.15752342285610493
1379,0.8424765771438951,0.15752342285610493
1380,0.8424765771438951,0.15752342285610493
1381,0.548063933882749,0.451936066117251
1382,0.8463168108653771,0.1536831891346229
1383,0.548063933882749,0.451936066117251
1384,0.548063933882749,0.451936066117251
1385,0.548063933882749,0.451936066117251
1386,0.8463168108653771,0.1536831891346229
1387,0.548063933882749,0.451936066117251
1388,0.8203467846158917,0.17965321538410828
1389,0.548063933882749,0.451936066117251
1390,0.8203467846158917,0.17965321538410828
1391,0.548063933882749,0.451936066117251
1392,0.548063933882749,0.451936066117251
1393,0.8463168108653771,0.1536831891346229
1394,0.8203467846158917,0.17965321538410828
1395,0.8424765771438951,0.15752342285610493
1396,0.8203467846158917,0.17965321538410828
1397,0.8424765771438951,0.15752342285610493
1398,0.548063933882749,0.451936066117251
1399,0.8424765771438951,0.15752342285610493
1400,0.548063933882749,0.451936066117251
1401,0.548063933882749,0.451936066117251
1402,0.548063933882749,0.451936066117251
1403,0.548063933882749,0.451936066117251
1404,0.8463168108653771,0.1536831891346229
1405,0.8463168108653771,0.1536831891346229
1406,0.8463168108653771,0.1536831891346229
1407,0.8424765771438951,0.15752342285610493
1408,0.8463168108653771,0.1536831891346229
